Workbook

Sheet Assumptions
A1: API Pricing (per 1M tokens)
A2: Model | B2: Input | C2: Output | D2: Notes
A3: Haiku 4.5 | B3: 1 | C3: 5 | D3: Fast lookups, entity extraction, quick reference
A4: Sonnet 4.6 | B4: 3 | C4: 15 | D4: Creative generation, prep briefs, recaps, analysis
A5: OpenAI text-embedding-3-small | B5: 0.02 | C5: n/a | D5: Embedding only (input tokens only, no output)
A6: Prompt caching discount (cache hits) | B6: 0.1 | D6: Cache hits cost 10% of base input price (5-min TTL)
A7: Batch API discount | B7: 0.5 | D7: 50% discount for non-urgent processing (24hr window)
A9: Usage Pattern Assumptions
A10: Sessions per month | B10: 2.5 | D10: 2-3 per month, averaging 2.5
A11: Prep sessions per play session | B11: 1 | D11: 1 planning session before each game
A12: Initial import size (pages) | B12: 50 | D12: Light: session logs + some homebrew notes
A13: Tokens per page (avg) | B13: 500 | D13: ~500 tokens per standard page of text
A14: New content per session (pages) | B14: 3 | D14: Session notes + entity updates
A16: Token Estimates Per Operation
A17: Operation | B17: Input Tokens | C17: Output Tokens | D17: Model / Notes
A18: Agent chat — quick recall (mid-session) | B18: 3000 | C18: 300 | D18: Haiku — system prompt + retrieved chunks + short answer
A19: Agent chat — creative/analytical (prep) | B19: 6000 | C19: 1500 | D19: Sonnet — larger context window, longer generation
A20: Session prep brief generation | B20: 8000 | C20: 2000 | D20: Sonnet — pulls from multiple sessions, generates structured brief
A21: Player recap generation | B21: 5000 | C21: 1000 | D21: Sonnet — session log context + style-aware generation
A22: Entity extraction from session log | B22: 2000 | C22: 500 | D22: Haiku — NER pass over new session notes
A23: Entity summary update | B23: 1500 | C23: 400 | D23: Haiku — update entity page with new context
A24: Quick reference lookup | B24: 2000 | C24: 200 | D24: Haiku — spell/rule card, minimal generation
A25: Style profile extraction | B25: 4000 | C25: 800 | D25: Sonnet — one-time analysis of writing samples
A26: Embedding (per page of content) | B26: 500 | C26: 0 | D26: Embedding model — input only

Sheet Monthly Cost Model
A1: Monthly Token Usage & Cost — Per Play Session Cycle
A2: One cycle = 1 prep session + 1 play session + post-session processing. Multiply by sessions/month for total.
A4: Activity | B4: Count | C4: Input Tok/ea | D4: Output Tok/ea | E4: Total Input | F4: Total Output | G4: Model | H4: Cost
A5: PREP SESSION
A6: Generate session prep brief | B6: 1 | C6: 8000 | D6: 2000 | E6: =B6*C6 -> 8000 | F6: =B6*D6 -> 2000 | G6: Sonnet | H6: =(E6/1000000)*Assumptions!B4 + (F6/1000000)*Assumptions!C4 -> 0.054
A7: Agent chat — creative/analytical queries | B7: 8 | C7: 6000 | D7: 1500 | E7: =B7*C7 -> 48000 | F7: =B7*D7 -> 12000 | G7: Sonnet | H7: =(E7/1000000)*Assumptions!B4 + (F7/1000000)*Assumptions!C4 -> 0.324
A8: Agent chat — quick lookups during prep | B8: 4 | C8: 3000 | D8: 300 | E8: =B8*C8 -> 12000 | F8: =B8*D8 -> 1200 | G8: Haiku | H8: =(E8/1000000)*Assumptions!B3 + (F8/1000000)*Assumptions!C3 -> 0.018
A10: AT THE TABLE (3-4hr session)
A11: Agent chat — quick recall mid-session | B11: 12 | C11: 3000 | D11: 300 | E11: =B11*C11 -> 36000 | F11: =B11*D11 -> 3600 | G11: Haiku | H11: =(E11/1000000)*Assumptions!B3 + (F11/1000000)*Assumptions!C3 -> 0.054
A12: Quick reference lookups (spells, rules) | B12: 6 | C12: 2000 | D12: 200 | E12: =B12*C12 -> 12000 | F12: =B12*D12 -> 1200 | G12: Haiku | H12: =(E12/1000000)*Assumptions!B3 + (F12/1000000)*Assumptions!C3 -> 0.018
A13: Agent chat — creative (improv assist) | B13: 3 | C13: 6000 | D13: 1500 | E13: =B13*C13 -> 18000 | F13: =B13*D13 -> 4500 | G13: Sonnet | H13: =(E13/1000000)*Assumptions!B4 + (F13/1000000)*Assumptions!C4 -> 0.1215
A15: POST-SESSION PROCESSING
A16: Entity extraction from session notes | B16: 1 | C16: 2000 | D16: 500 | E16: =B16*C16 -> 2000 | F16: =B16*D16 -> 500 | G16: Haiku | H16: =(E16/1000000)*Assumptions!B3 + (F16/1000000)*Assumptions!C3 -> 0.0045
A17: Entity summary updates | B17: 5 | C17: 1500 | D17: 400 | E17: =B17*C17 -> 7500 | F17: =B17*D17 -> 2000 | G17: Haiku | H17: =(E17/1000000)*Assumptions!B3 + (F17/1000000)*Assumptions!C3 -> 0.0175
A18: Player recap generation | B18: 1 | C18: 5000 | D18: 1000 | E18: =B18*C18 -> 5000 | F18: =B18*D18 -> 1000 | G18: Sonnet | H18: =(E18/1000000)*Assumptions!B4 + (F18/1000000)*Assumptions!C4 -> 0.03
A19: Embed new session content (~3 pages) | B19: 3 | C19: 500 | D19: 0 | E19: =B19*C19 -> 1500 | F19: =B19*D19 -> 0 | G19: Embedding | H19: =(E19/1000000)*Assumptions!B5 -> 3e-05
A21: ONE-TIME: INITIAL IMPORT
A22: Embed initial campaign material (50 pages) | B22: =Assumptions!B12 -> 50 | C22: 500 | D22: 0 | E22: =B22*C22 -> 25000 | F22: =B22*D22 -> 0 | G22: Embedding | H22: =(E22/1000000)*Assumptions!B5 -> 0.0005
A23: Entity extraction from imported docs | B23: 5 | C23: 2000 | D23: 500 | E23: =B23*C23 -> 10000 | F23: =B23*D23 -> 2500 | G23: Haiku | H23: =(E23/1000000)*Assumptions!B3 + (F23/1000000)*Assumptions!C3 -> 0.0225
A24: Style profile extraction (one-time) | B24: 1 | C24: 4000 | D24: 800 | E24: =B24*C24 -> 4000 | F24: =B24*D24 -> 800 | G24: Sonnet | H24: =(E24/1000000)*Assumptions!B4 + (F24/1000000)*Assumptions!C4 -> 0.024
A26: PER-CYCLE SUBTOTAL (1 prep + 1 session) | E26: =SUM(E6:E8,E11:E13,E16:E19) -> 150000 | F26: =SUM(F6:F8,F11:F13,F16:F19) -> 28000 | H26: =SUM(H6:H8,H11:H13,H16:H19) -> 0.64153
A27: ONE-TIME IMPORT COST | E27: =SUM(E22:E24) -> 39000 | F27: =SUM(F22:F24) -> 3300 | H27: =SUM(H22:H24) -> 0.047

Sheet Summary
A1: QuestLog API Cost Summary
A3: Metric | B3: Value | D3: Notes
A4: Cost per session cycle (prep + play + post) | B4: ='Monthly Cost Model'!H26 -> 0.64153 | D4: No caching or batch discounts applied
A5: Sessions per month | B5: =Assumptions!B10 -> 2.5
A6: MONTHLY RECURRING COST | B6: =B4*B5 -> 1.603825 | D6: Base cost without optimizations
A7: ANNUAL RECURRING COST | B7: =B6*12 -> 19.2459
A8: One-time import cost | B8: ='Monthly Cost Model'!H27 -> 0.047 | D8: Initial 50-page import + entity extraction + style profile
A9: FIRST YEAR TOTAL COST | B9: =B7+B8 -> 19.2929
A11: With Prompt Caching (Estimated Savings)
A12: Estimated cacheable input % (system prompts, entity context) | B12: 0.4 | D12: System prompt + frequently accessed entities are cacheable
A13: Effective input cost multiplier with caching | B13: =(1-B12) + B12*Assumptions!B6 -> 0.64 | D13: Uncached portion at full price + cached portion at 10%
A14: MONTHLY COST WITH CACHING | B14: =B6*B13 -> 1.026448 | D14: Conservative estimate — actual savings depend on usage patterns
A15: ANNUAL COST WITH CACHING | B15: =B14*12 -> 12.317376
A17: Scaling Scenarios
A18: Scenario | B18: Monthly | C18: Annual | D18: Description
A19: Light use (your current plan) | B19: =B14 -> 1.026448 | C19: =B15 -> 12.317376 | D19: 2-3 sessions/mo, ~50 pages imported, caching on
A20: Medium use (weekly sessions) | B20: =B4*4*B13 -> 1.6423168 | C20: =B20*12 -> 19.707802 | D20: 4 sessions/mo, same usage pattern per session
A21: Heavy use (weekly + 300pg import) | B21: =B20*1.2 -> 1.9707802 | C21: =B21*12 -> 23.649362 | D21: 4 sessions/mo, heavier agent use, larger context windows
A23: Model Recommendation
A24: Recommended approach: Haiku + Sonnet mix
A25: Haiku 4.5 for: quick recall, entity extraction, lookups, NER
A26: Sonnet 4.6 for: creative generation, prep briefs, recaps, analysis
A27: Rationale: Haiku is 3x cheaper and fast enough for mid-session use.
A28: Sonnet quality matters for creative output the DM actually reads.
A29: Using Haiku everywhere would save ~40% but noticeably degrade prep briefs and recaps.
